游戏ID,游戏职业,已选择
玖伍贰柒,大理,False
素手挽清风,大理,False
Boom爆爆,大理,True
不摆烂的人,大理,False
朝Zhao歌。,大理,False
臣宝,大理,True
春水映梨花,大理,False
东、羽化仙游,大理,True
冬瓜矮穷了、,大理,True
段先生、,大理,False
风雨醉逍遥,大理,False
烽火戏诸侯,大理,False
花间二壶酒,大理,False
酒梦恋痴狂,大理,False
橘、耀姿天邑,大理,True
麻辣小库袜,大理,False
萌在骨里求包养,大理,True
喵小鱼er,大理,False
暮冬。,大理,False
赛罗,大理,False
是你的仙。,大理,False
桃花、,大理,False
天真无暇。,大理,False
挽星,大理,True
我想娶你,大理,False
叶问...,大理,False
以我之名、,大理,False
应天·栖霞散人,大理,False
应天·玄武策士,大理,False
英英美戴子,大理,False
袁方,大理,False
月亮加点甜，,大理,False
再圆十耀柠檬糖,大理,True
飘渺,峨眉,False
Calm、,峨眉,False
冰心、,峨眉,False
冰雨.,峨眉,False
脆弱酸菜求保护,峨眉,True
尔尔,峨眉,False
河图、,峨眉,False
红、雁东南飞,峨眉,False
虎妞惊寒御,峨眉,False
挥戈返日,峨眉,False
回眸一笑百媚生,峨眉,False
可口可乐加冰,峨眉,False
可琴烟雨,峨眉,False
龙王求雨,峨眉,False
漫漫、,峨眉,False
萌萌。,峨眉,False
慕慕,峨眉,False
楠3,峨眉,False
欧系法克酱,峨眉,False
皮不卡秋秋,峨眉,False
芊凝。,峨眉,False
悄悄,峨眉,False
情、烛光淡夜,峨眉,True
若兮、,峨眉,False
鲨鱼大海,峨眉,False
山水有相逢,峨眉,False
时光丨同学,峨眉,True
帅里帅气了,峨眉,True
司琴烟雨,峨眉,False
随风安逸,峨眉,False
玩的是毒奶,峨眉,False
星月,峨眉,False
凶猛定中求针对,峨眉,True
雅痞,峨眉,False
一杯酒，敬过往,峨眉,False
一欧系法克酱,峨眉,False
应天·江北虎贲,峨眉,False
应天·金陵仙子,峨眉,False
永恒一醒,峨眉,False
月亮想睡了、,峨眉,True
gram问天,丐帮,False
爱Lu喵的帅,明教,False
沉3,明教,False
二两桃花,明教,False
天真无邪。,明教,False
无敌是我是无敌,明教,False
紫龙王,巧帮,False
冬瓜子,天山,False
朗朗、,天山,False
魔_神,天山,False
入骨相思知不知,天山,False
扇扇扇耳光,天山,False
俗啪海派泡泡龙,天山,False
一俄系乌拉酱,天山,False
被被,无尘,False
大碗饭,无尘,False
大威天龙O_O,无尘,False
桓³,无尘,False
金条,无尘,False
锦鲤...,无尘,False
南浔、,无尘,True
浓睡不消残酒、,无尘,False
平凡老哥来对掌,无尘,True
小晨、,无尘,False
小明单手劈榴莲,无尘,False
笑、文炳雕龙,无尘,True
寻念忆亦笙,无尘,False
应天·秦淮倦客,无尘,False
烛影、,无尘,True
子墨,无尘,False
宸宸、,武当,False
船3,武当,False
刮痧簸菜求放过,武当,True
花鬼,武当,False
酒酣乱迷情,武当,False
佬鬼,武当,False
柠檬少年薄荷心,武当,False
殇惆,武当,False
糖兜·,武当,False
卧龙、,武当,False
鲜果果子,武当,False
烟雨挽瑟瑟,武当,False
执手听风吟、,武当,False
地瓜子,逍遥,False
乖猫、,逍遥,True
交大李相赫,逍遥,False
无心思念,逍遥,True
隐姓埋名,逍遥,False
8级大,星宿,False
蔡蔡、,星宿,False
单纯de女王陛下,星宿,False
恩赐解脱。,星宿,False
酒香漫四海,星宿,False
懒虫起床了、,星宿,True
摩雾绕空山、,星宿,False
希希、,星宿,False
相见不如怀念,星宿,False
逍遥、,星宿,False
逸云随风了、,星宿,False
应天·江宁护卫,星宿,False
清池,玄机,False
安迪,玄机,False
极、燕友连春,玄机,True
就是比你帅,玄机,False
幕雨,玄机,False
谦谦、,玄机,False
日系八嘎酱,玄机,False
依然纵横,玄机,False
King、,大理,False
爱满,大理,False
不入佛的猴,大理,False
不羡仙.,大理,False
东方好怼人。,大理,False
多米尼克-七七,大理,False
费玉清,大理,False
风沙,大理,False
浮生半日闲,大理,False
谷雨,大理,False
惊蛰,大理,False
静候轮回,大理,False
可乐好欧,大理,False
老牛,大理,False
六天,大理,False
陆柒捌,大理,False
落幕,大理,False
青椒炒蛋,大理,False
情動,大理,False
秋昆,大理,False
煞星,大理,False
山间风起雾散,大理,False
铁桶,大理,False
唯我独尊李仲九,大理,False
无玄,大理,False
洵儿,大理,False
叶子,大理,False
夜·神,大理,False
一笑星辰落,大理,True
元.帅,大理,False
战龙魂,大理,False
浊酒恋青灯,大理,False
无双,峨眉,False
星落灬,峨眉,True
24小时不可更改,峨眉,False
AAA,峨眉,False
Da奎,峨眉,False
hhhhxxxxf,峨眉,False
白紫,峨眉,False
菠萝花开了,峨眉,False
不败顽童古三通,峨眉,False
不关七七的事噢,峨眉,False
陈泫伽,峨眉,False
达瓦里氏,峨眉,False
淡述昔日情,峨眉,False
黑桃,峨眉,False
荒年的小弟,峨眉,False
姬茗芸,峨眉,False
煎饼果了o,峨眉,False
酱酱,峨眉,False
九夏,峨眉,False
老夫子.,峨眉,False
李白李太白,峨眉,False
临风,峨眉,True
落羽,峨眉,False
芒种,峨眉,False
麽,峨眉,False
南鸢,峨眉,False
胖头鱼的胖老公 ,峨眉,False
浦城丹桂,峨眉,False
青筱,峨眉,False
如果没有如果,峨眉,False
十三姨,峨眉,False
霜绛,峨眉,False
太阳当空照、,峨眉,False
晚风拂春雪·,峨眉,False
舞舞舞,峨眉,False
逍遥人世欢,峨眉,False
小阿柒、,峨眉,False
小灯火,峨眉,False
烟花易冷,峨眉,False
叶訫,峨眉,False
一笔落于東·,峨眉,False
一星宇一,峨眉,True
胤宸,峨眉,False
樱桃小丸子,峨眉,False
重新再来,峨眉,False
周慧敏,峨眉,False
百事可乐,丐帮,False
Poison亦慕,明教,False
阁主,明教,False
酒仙戒酒了,明教,False
魔·夜神,明教,False
三横壹墅,明教,False
提刀走四方,明教,False
小白变帅了,明教,False
张无忌,明教,False
九月,天山,False
孤影,天山,False
一澜晚风,天山,False
星辰辰几何,无尘,False
星期天灬,无尘,True
Taurus灬凉城,无尘,False
メ…、凌云,无尘,False
阿珂,无尘,False
不入魔的龍,无尘,False
残梦,无尘,False
策马西风,无尘,False
大暑,无尘,False
队长别开枪是我,无尘,False
风越大鱼越贵,无尘,False
富春油条,无尘,False
迦南,无尘,False
林北星,无尘,False
没烦恼,无尘,False
迷了晚风。,无尘,False
上班摸鱼、,无尘,False
社会人,无尘,False
铁衣,无尘,False
往事随风吹,无尘,False
我大哥刘华强,无尘,False
无趣的大人,无尘,False
秋天 De风,武当,False
初一、,武当,False
风吹过八千里,武当,False
枯树的花语,武当,False
蓦然相守,武当,False
骑蜗牛的俊少,武当,False
情是相思无尽处,武当,False
矮冬瓜、,逍遥,False
宝龙,逍遥,False
成双,逍遥,False
大寒,逍遥,False
鸿…炎,逍遥,False
咖啡灬,逍遥,True
沐沐,逍遥,True
人间惆怅客,逍遥,False
我刘亦菲呀,逍遥,False
无痕。,逍遥,False
熙飏,逍遥,False
依依,逍遥,False
亦儿,逍遥,False
不游泳的鱼,星宿,False
你凶我更凶,星宿,False
柠檬味的梦,星宿,False
三哥灬,星宿,False
星河盛世,星宿,False
一身逍遥踏天风,星宿,False
昨夜雨疏风骤,星宿,False
第五个季节,玄机,False
凤雏,玄机,False
顾凝语,玄机,False
山河是故人,玄机,False
哲…、兮,玄机,False
玩的是寂寞,无尘,False
八级大,天山,False
少妇入我心,大理,False
长逝入君怀,玄机,False
灯火入眉弯,星宿,False
蚩无极长今,丐帮,False
本宫累了退下吧,峨眉,False
朝歌Zhao,武当,False
